,item,articleDE,articleEN,location,distance,lat,lon,sitelinks,thing,itemLabel,thingLabel,tier,color,ao_link,ao_description,address,url,description,fetched_coordinates
0,http://www.wikidata.org/entity/Q3046409,https://de.wikipedia.org/wiki/Singapore_Botanic_Gardens,https://en.wikipedia.org/wiki/Singapore_Botanic_Gardens,Point(103.8162 1.3151),4.685,1.3151,103.8162,43.0,http://www.wikidata.org/entity/Q167346,Singapore Botanic Gardens,botanical garden,S,orange,,,,,,
2,http://www.wikidata.org/entity/Q376178,https://de.wikipedia.org/wiki/Straits_Settlements,https://en.wikipedia.org/wiki/Straits_Settlements,Point(103.8 1.366666666),2.414,1.3666666666667,103.8,37.0,http://www.wikidata.org/entity/Q1351282,Straits Settlements,crown colony,S,orange,,,,,,
3,http://www.wikidata.org/entity/Q1054746,https://de.wikipedia.org/wiki/Pulau_Ujong,https://en.wikipedia.org/wiki/Singapore_Island,Point(103.8 1.383333333),3.633,1.3833333333333,103.8,29.0,http://www.wikidata.org/entity/Q23442,Singapore Island,island,S,orange,,,,,,
4,http://www.wikidata.org/entity/Q720209,https://de.wikipedia.org/wiki/Bukit_Timah_(H%C3%BCgel),https://en.wikipedia.org/wiki/Bukit_Timah_Hill,Point(103.776375 1.354680555),4.801,1.3546805555556,103.776375,27.0,http://www.wikidata.org/entity/Q54050,Bukit Timah,hill,S,orange,,,,,,
5,http://www.wikidata.org/entity/Q569689,https://de.wikipedia.org/wiki/Luftangriffe_auf_Singapur_(1944%E2%80%931945),https://en.wikipedia.org/wiki/Bombing_of_Singapore_(1944%E2%80%931945),Point(103.8 1.36666667),2.414,1.36666667,103.8,18.0,http://www.wikidata.org/entity/Q831663,Bombing of Singapore,military campaign,A,green,,,,,,
7,http://www.wikidata.org/entity/Q385725,https://de.wikipedia.org/wiki/Bukit-Timah-Reservat,https://en.wikipedia.org/wiki/Bukit_Timah_Nature_Reserve,Point(103.778 1.35278),4.638,1.3869444444444,103.80083333333,17.0,http://www.wikidata.org/entity/Q179049,Bukit Timah Nature Reserve,nature reserve,A,green,,,,,,
19,http://www.wikidata.org/entity/Q2734905,https://de.wikipedia.org/wiki/Toa_Payoh,https://en.wikipedia.org/wiki/Toa_Payoh,Point(103.85 1.335),4.188,1.335,103.85,16.0,http://www.wikidata.org/entity/Q618123,Toa Payoh,geographical feature,A,green,,,,,,
25,http://www.wikidata.org/entity/Q4420038,,https://en.wikipedia.org/wiki/Singapore_in_Malaysia,Point(103.8 1.36667),2.414,1.36667,103.8,15.0,http://www.wikidata.org/entity/Q7275,Singapore in Federation of Malaysia,state,A,green,,,,,,
31,http://www.wikidata.org/entity/Q2266049,,https://en.wikipedia.org/wiki/Ang_Mo_Kio_MRT_station,Point(103.84945 1.370016666),3.626,1.3700166666667,103.84945,14.0,http://www.wikidata.org/entity/Q1342434,Ang Mo Kio MRT station,Spanish solution,A,green,,,,,,
36,http://www.wikidata.org/entity/Q3249777,,"https://en.wikipedia.org/wiki/Bishan,_Singapore",Point(103.851 1.35083),3.57,1.35083,103.851,13.0,http://www.wikidata.org/entity/Q570116,Bishan,tourist attraction,A,green,,,,,,
39,http://www.wikidata.org/entity/Q11081257,,https://en.wikipedia.org/wiki/Singapore_Police_Force,Point(103.845344444 1.324322222),4.641,1.3243222222222,103.84534444444,13.0,http://www.wikidata.org/entity/Q327333,Singapore Police Force,government agency,A,green,,,,,,
43,http://www.wikidata.org/entity/Q1094417,https://de.wikipedia.org/wiki/Kallang_River,https://en.wikipedia.org/wiki/Kallang_River,Point(103.824722222 1.367222222),1.266,1.3011111111111,103.87,12.0,http://www.wikidata.org/entity/Q4022,Kallang River,river,A,green,,,,,,
46,http://www.wikidata.org/entity/Q1108329,,https://en.wikipedia.org/wiki/Bishan_Stadium,Point(103.851475 1.354545),3.566,1.354545,103.851475,11.0,http://www.wikidata.org/entity/Q1049757,Bishan Stadium,multi-purpose sports venue,A,green,,,,,,
59,http://www.wikidata.org/entity/Q5060520,,https://en.wikipedia.org/wiki/Central_Catchment_Nature_Reserve,Point(103.8 1.36667),2.414,1.36667,103.8,10.0,http://www.wikidata.org/entity/Q179049,Central Catchment Nature Reserve,nature reserve,A,green,,,,,,
60,http://www.wikidata.org/entity/Q3244528,,https://en.wikipedia.org/wiki/Raffles_Institution,Point(103.843951 1.347598),2.916,1.347598,103.843951,9.0,http://www.wikidata.org/entity/Q159334,Raffles Institution,secondary school,B,violet,,,,,,
66,http://www.wikidata.org/entity/Q4294312,,https://en.wikipedia.org/wiki/Ministry_of_Home_Affairs_(Singapore),Point(103.8449 1.32386389),4.651,1.32386389,103.8449,9.0,http://www.wikidata.org/entity/Q6589202,"Ministry of Home Affairs, Singapore",interior ministry,B,violet,,,,,,
69,http://www.wikidata.org/entity/Q4761845,,https://en.wikipedia.org/wiki/Ang_Mo_Kio,Point(103.845555555 1.37),3.232,1.37,103.84555555556,9.0,http://www.wikidata.org/entity/Q104527265,Ang Mo Kio,planning area of Singapore,B,violet,,,,,,
70,http://www.wikidata.org/entity/Q985660,https://de.wikipedia.org/wiki/Novena_(Singapur),"https://en.wikipedia.org/wiki/Novena,_Singapore",Point(103.837 1.324),4.164,1.324,103.837,9.0,http://www.wikidata.org/entity/Q674950,Novena,residential area,B,violet,,,,,,
72,http://www.wikidata.org/entity/Q3307633,,https://en.wikipedia.org/wiki/Toa_Payoh_ritual_murders,Point(103.857 1.33694),4.733,1.33694,103.857,8.0,http://www.wikidata.org/entity/Q14042845,Toa Payoh ritual murders,ritual murder,B,violet,,,,,,
77,http://www.wikidata.org/entity/Q22970788,,https://en.wikipedia.org/wiki/Bukit_Timah,Point(103.776375 1.35468056),4.801,1.35468056,103.776375,8.0,http://www.wikidata.org/entity/Q570116,Bukit Timah,tourist attraction,B,violet,,,,,,
78,http://www.wikidata.org/entity/Q1507273,https://de.wikipedia.org/wiki/National_Junior_College,https://en.wikipedia.org/wiki/National_Junior_College,Point(103.804167 1.330278),3.436,1.330278,103.804167,8.0,http://www.wikidata.org/entity/Q6313528,National Junior College,junior college,B,violet,,,,,,
83,http://www.wikidata.org/entity/Q25171659,,https://en.wikipedia.org/wiki/Central_Water_Catchment,Point(103.8 1.36666667),2.414,1.36666667,103.8,8.0,http://www.wikidata.org/entity/Q104527265,Central Water Catchment,planning area of Singapore,B,violet,,,,,,
84,http://www.wikidata.org/entity/Q1112557,,https://en.wikipedia.org/wiki/Internal_Security_Department_(Singapore),Point(103.84408889 1.32349444),4.63,1.32349444,103.84408889,7.0,http://www.wikidata.org/entity/Q327333,Internal Security Department,government agency,B,violet,,,,,,
86,http://www.wikidata.org/entity/Q2890360,,https://en.wikipedia.org/wiki/Kong_Meng_San_Phor_Kark_See_Monastery,Point(103.836 1.36144),1.896,1.36144,103.836,7.0,http://www.wikidata.org/entity/Q5393308,Kong Meng San Phor Kark See Monastery,Buddhist temple,B,violet,,,,,,
87,http://www.wikidata.org/entity/Q4261602,,https://en.wikipedia.org/wiki/Masjid_An-Nahdhah,Point(103.851 1.35351),3.524,1.35351,103.851,7.0,http://www.wikidata.org/entity/Q32815,Masjid An-Nahdhah,mosque,B,violet,,,,,,
90,http://www.wikidata.org/entity/Q1141136,https://de.wikipedia.org/wiki/Thomson_Road_Grand_Prix_Circuit,https://en.wikipedia.org/wiki/Thomson_Road_Grand_Prix_circuit,Point(103.819 1.3832),2.902,1.3832,103.819,7.0,http://www.wikidata.org/entity/Q2338524,Thomson Road Grand Prix circuit,motorsport racing track,B,violet,,,,,,
93,http://www.wikidata.org/entity/Q10123616,,https://en.wikipedia.org/wiki/Sun_Yat_Sen_Nanyang_Memorial_Hall,Point(103.8471 1.3281),4.451,1.3281,103.8471,6.0,http://www.wikidata.org/entity/Q570116,Sun Yat Sen Nanyang Memorial Hall,tourist attraction,B,violet,,,,,,
95,http://www.wikidata.org/entity/Q14874255,,https://en.wikipedia.org/wiki/Hwa_Chong_Institution,Point(103.803491 1.32654),3.836,1.32654,103.803491,6.0,http://www.wikidata.org/entity/Q6313528,Hwa Chong Institution,junior college,B,violet,,,,,,
97,http://www.wikidata.org/entity/Q866299,https://de.wikipedia.org/wiki/Bishan_Park,https://en.wikipedia.org/wiki/Bishan-Ang_Mo_Kio_Park,Point(103.833333333 1.366666666),1.869,1.3666666666667,103.83333333333,6.0,http://www.wikidata.org/entity/Q22698,Bishan-Ang Mo Kio Park,park,B,violet,,,,,,
98,http://www.wikidata.org/entity/Q7331703,https://de.wikipedia.org/wiki/MacRitchie-Stausee,https://en.wikipedia.org/wiki/MacRitchie_Reservoir,Point(103.831111111 1.343611111),1.979,1.3436111111111,103.83111111111,6.0,http://www.wikidata.org/entity/Q131681,MacRitchie Reservoir,reservoir,B,violet,,,,,,
99,http://www.wikidata.org/entity/Q864055,,https://en.wikipedia.org/wiki/Pathlight_School,Point(103.8544 1.3594),3.888,1.3594,103.8544,5.0,http://www.wikidata.org/entity/Q1110689,Pathlight School,special education school,B,violet,,,,,,
100,http://www.wikidata.org/entity/Q4504850,,https://en.wikipedia.org/wiki/Novena_Church,Point(103.843 1.32181),4.715,1.32181,103.843,5.0,http://www.wikidata.org/entity/Q16970,Novena Church,church building,B,violet,,,,,,
103,http://www.wikidata.org/entity/Q6783328,,https://en.wikipedia.org/wiki/Masjid_Al-Huda,Point(103.7947111 1.32318889),4.671,1.32318889,103.7947111,5.0,http://www.wikidata.org/entity/Q32815,Masjid Al-Huda,mosque,B,violet,,,,,,
104,http://www.wikidata.org/entity/Q6783332,,https://en.wikipedia.org/wiki/Masjid_Al-Muttaqin,Point(103.846 1.37049),3.3,1.37049,103.846,5.0,http://www.wikidata.org/entity/Q32815,Masjid Al-Muttaqin,mosque,B,violet,,,,,,
105,http://www.wikidata.org/entity/Q6974666,,https://en.wikipedia.org/wiki/National_Orchid_Garden,Point(103.8139 1.3157),4.646,1.3157,103.8139,5.0,http://www.wikidata.org/entity/Q6053503,National Orchid Garden,orchidarium,B,violet,,,,,,
106,http://www.wikidata.org/entity/Q7337882,,https://en.wikipedia.org/wiki/Upper_Peirce_Reservoir,Point(103.801944444 1.3675),2.268,1.3675,103.80194444444,5.0,http://www.wikidata.org/entity/Q131681,Upper Peirce Reservoir,reservoir,B,violet,,,,,,
107,http://www.wikidata.org/entity/Q7662965,,https://en.wikipedia.org/wiki/Syonan_Shrine,Point(103.813805555 1.348222222),1.173,1.3482222222222,103.81380555556,5.0,http://www.wikidata.org/entity/Q618123,Syonan Jinja,geographical feature,B,violet,,,,,,
110,http://www.wikidata.org/entity/Q12497249,,https://en.wikipedia.org/wiki/Masjid_Abdul_Hamid,Point(103.841 1.32),4.768,1.32,103.841,5.0,http://www.wikidata.org/entity/Q32815,Masjid Abdul Hamid,mosque,B,violet,,,,,,
113,http://www.wikidata.org/entity/Q6964469,https://de.wikipedia.org/wiki/Nanyang_Polytechnic,https://en.wikipedia.org/wiki/Nanyang_Polytechnic,Point(103.84901 1.38006),4.156,1.38006,103.84901,5.0,http://www.wikidata.org/entity/Q1371037,Nanyang Polytechnic,institute of technology,B,violet,,,,,,
114,http://www.wikidata.org/entity/Q3152821,,"https://en.wikipedia.org/wiki/St._Joseph%27s_Institution,_Singapore",Point(103.8284622 1.3229793),3.923,1.3229793,103.8284622,4.0,http://www.wikidata.org/entity/Q159334,Saint Joseph's Institution,secondary school,C,yellow,,,,,,
116,http://www.wikidata.org/entity/Q4917325,,https://en.wikipedia.org/wiki/Bishan_Public_Library,Point(103.849 1.34984),3.377,1.34984,103.849,4.0,http://www.wikidata.org/entity/Q28564,Bishan Public Library,public library,C,yellow,,,,,,
117,http://www.wikidata.org/entity/Q4986974,,https://en.wikipedia.org/wiki/Bukit_Timah_railway_station,Point(103.781111 1.334167),4.971,1.334167,103.781111,4.0,http://www.wikidata.org/entity/Q4663385,Bukit Timah railway station,former railway station,C,yellow,,,,,,
118,http://www.wikidata.org/entity/Q4999418,,https://en.wikipedia.org/wiki/Burmese_Buddhist_Temple,Point(103.847 1.32842),4.418,1.32842,103.847,4.0,http://www.wikidata.org/entity/Q5393308,Burmese Buddhist Temple,Buddhist temple,C,yellow,,,,,,
119,http://www.wikidata.org/entity/Q5053176,,"https://en.wikipedia.org/wiki/Catholic_High_School,_Singapore",Point(103.844722222 1.354722222),2.816,1.3547222222222,103.84472222222,4.0,http://www.wikidata.org/entity/Q9826,Catholic High School,high school,C,yellow,,,,,,
121,http://www.wikidata.org/entity/Q7521551,,https://en.wikipedia.org/wiki/Sin_Ming,Point(103.83679167 1.356525),1.923,1.356525,103.83679167,4.0,http://www.wikidata.org/entity/Q12104567,Sin Ming,housing estate,C,yellow,,,,,,
122,http://www.wikidata.org/entity/Q7523020,,https://en.wikipedia.org/wiki/Singapore_Institute_of_Management,Point(103.8 1.32583),4.098,1.32583,103.8,4.0,http://www.wikidata.org/entity/Q1143635,Singapore Institute of Management,business school,C,yellow,,,,,,
124,http://www.wikidata.org/entity/Q7722564,,https://en.wikipedia.org/wiki/The_Chinese_High_School_Clock_Tower_Building,Point(103.803 1.32639),3.877,1.32639,103.803,4.0,http://www.wikidata.org/entity/Q853854,The Chinese High School Clock Tower Building,clock tower,C,yellow,,,,,,
125,http://www.wikidata.org/entity/Q7811339,,https://en.wikipedia.org/wiki/Toa_Payoh_Stadium,Point(103.853 1.3304),4.763,1.3304,103.853,4.0,http://www.wikidata.org/entity/Q483110,Toa Payoh Stadium,stadium,C,yellow,,,,,,
126,http://www.wikidata.org/entity/Q8053782,,https://en.wikipedia.org/wiki/Yio_Chu_Kang_Stadium,Point(103.846 1.38331),4.143,1.38331,103.846,4.0,http://www.wikidata.org/entity/Q483110,Yio Chu Kang Stadium,stadium,C,yellow,,,,,,
127,http://www.wikidata.org/entity/Q14233915,,,Point(103.8425 1.321666666),4.697,1.3216666666667,103.8425,4.0,http://www.wikidata.org/entity/Q149621,Balestier and Newton,district,C,yellow,,,,,,
129,http://www.wikidata.org/entity/Q1003270,https://de.wikipedia.org/wiki/Bukit_Timah_Road,https://en.wikipedia.org/wiki/Bukit_Timah_Road,Point(103.8129 1.3228),3.884,1.3228,103.8129,4.0,http://www.wikidata.org/entity/Q79007,Bukit Timah Road,street,C,yellow,,,,,,
130,http://www.wikidata.org/entity/Q24936775,,"https://en.wikipedia.org/wiki/Embassy_of_Switzerland,_Singapore",Point(103.78957 1.342539),3.7,1.342539,103.78957,4.0,http://www.wikidata.org/entity/Q3917681,"Embassy of Switzerland, Singapore",embassy,C,yellow,,,,,,
131,http://www.wikidata.org/entity/Q27965162,,https://en.wikipedia.org/wiki/The_Chinese_High_School_(Singapore),Point(103.803491 1.32654),3.836,1.32654,103.803491,4.0,http://www.wikidata.org/entity/Q9826,The Chinese High School,high school,C,yellow,,,,,,
132,http://www.wikidata.org/entity/Q28197076,,https://en.wikipedia.org/wiki/Hwa_Chong_Junior_College,Point(103.803491 1.32654),3.836,1.32654,103.803491,4.0,http://www.wikidata.org/entity/Q6313528,Hwa Chong Junior College,junior college,C,yellow,,,,,,
133,http://www.wikidata.org/entity/Q2841807,,,Point(103.814122 1.322199),3.927,1.322199,103.814122,3.0,http://www.wikidata.org/entity/Q3917681,"Embassy of France, Singapore",embassy,C,yellow,,,,,,
134,http://www.wikidata.org/entity/Q4761842,,https://en.wikipedia.org/wiki/Ang_Mo_Kio_Public_Library,Point(103.845 1.37477),3.448,1.37477,103.845,3.0,http://www.wikidata.org/entity/Q28564,Ang Mo Kio Public Library,public library,C,yellow,,,,,,
139,http://www.wikidata.org/entity/Q4917328,,https://en.wikipedia.org/wiki/Bishan_Depot,Point(103.854 1.35529),3.84,1.35529,103.854,3.0,http://www.wikidata.org/entity/Q10283556,Bishan Depot,motive power depot,C,yellow,,,,,,
140,http://www.wikidata.org/entity/Q5117039,,"https://en.wikipedia.org/wiki/Church_of_Saint_Francis_Xavier,_Singapore",Point(103.8637 1.3582),4.915,1.3582,103.8637,3.0,http://www.wikidata.org/entity/Q16970,Church of Saint Francis Xavier,church building,C,yellow,,,,,,
141,http://www.wikidata.org/entity/Q6040895,,https://en.wikipedia.org/wiki/Institute_of_Technical_Education,Point(103.855177 1.376613),4.52,1.376613,103.855177,3.0,http://www.wikidata.org/entity/Q5341295,Institute of Technical Education,educational organization,C,yellow,,,,,,
143,http://www.wikidata.org/entity/Q6514349,,https://en.wikipedia.org/wiki/Lee_Kuan_Yew_School_of_Public_Policy,Point(103.81747 1.3198),4.154,1.3198,103.81747,3.0,http://www.wikidata.org/entity/Q11391922,Lee Kuan Yew School of Public Policy,public policy school,C,yellow,,,,,,
146,http://www.wikidata.org/entity/Q6693708,,https://en.wikipedia.org/wiki/Lower_Peirce_Reservoir,Point(103.823333333 1.369444444),1.436,1.3694444444444,103.82333333333,3.0,http://www.wikidata.org/entity/Q131681,Lower Peirce Reservoir,reservoir,C,yellow,,,,,,
147,http://www.wikidata.org/entity/Q6728552,,https://en.wikipedia.org/wiki/Madrasah_Irsyad_Zuhri_Al-Islamiah,Point(103.851972222 1.342611111),3.953,1.3426111111111,103.85197222222,3.0,http://www.wikidata.org/entity/Q132834,Madrasah Irsyad Zuhri Al-Islamiah,madrasa,C,yellow,,,,,,
149,http://www.wikidata.org/entity/Q6781618,,"https://en.wikipedia.org/wiki/Marymount,_Singapore",Point(103.8368 1.3539),1.956,1.3539,103.8368,3.0,http://www.wikidata.org/entity/Q618123,Marymount,geographical feature,C,yellow,,,,,,
151,http://www.wikidata.org/entity/Q6823826,,"https://en.wikipedia.org/wiki/Methodist_Girls%27_School,_Singapore",Point(103.783 1.33295),4.866,1.33295,103.783,3.0,http://www.wikidata.org/entity/Q159334,Methodist Girls' School,secondary school,C,yellow,,,,,,
154,http://www.wikidata.org/entity/Q6925743,,"https://en.wikipedia.org/wiki/Mountbatten,_Singapore",Point(103.8288 1.3142),4.882,1.3142,103.8288,3.0,http://www.wikidata.org/entity/Q50513,Mountbatten,administrative territorial entity of Singapore,C,yellow,,,,,,
155,http://www.wikidata.org/entity/Q6979269,,https://en.wikipedia.org/wiki/National_University_of_Singapore_Faculty_of_Law,Point(103.815 1.3187),4.3,1.3187,103.815,3.0,http://www.wikidata.org/entity/Q180958,National University of Singapore Faculty of Law,faculty,C,yellow,,,,,,
156,http://www.wikidata.org/entity/Q7235101,,https://en.wikipedia.org/wiki/Potong_Pasir,Point(103.8561 1.336),4.697,1.336,103.8561,3.0,http://www.wikidata.org/entity/Q674950,Potong Pasir,residential area,C,yellow,,,,,,
158,http://www.wikidata.org/entity/Q7522931,,https://en.wikipedia.org/wiki/Singapore_Chinese_Girls%27_School,Point(103.8279283 1.321167),4.105,1.321167,103.8279283,3.0,http://www.wikidata.org/entity/Q159334,Singapore Chinese Girls' School,secondary school,C,yellow,,,,,,
161,http://www.wikidata.org/entity/Q7795854,,"https://en.wikipedia.org/wiki/Thomson,_Singapore",Point(103.835 1.355444444),1.733,1.3554444444444,103.835,3.0,http://www.wikidata.org/entity/Q50513,Thomson,administrative territorial entity of Singapore,C,yellow,,,,,,
162,http://www.wikidata.org/entity/Q7811338,,https://en.wikipedia.org/wiki/Toa_Payoh_Sports_Hall,Point(103.852 1.33037),4.679,1.33037,103.852,3.0,http://www.wikidata.org/entity/Q1076486,Toa Payoh Sports Hall,sports venue,C,yellow,,,,,,
163,http://www.wikidata.org/entity/Q7811341,,https://en.wikipedia.org/wiki/Toa_Payoh_Town_Park,Point(103.84778 1.33057),4.311,1.33057,103.84778,3.0,http://www.wikidata.org/entity/Q22698,Toa Payoh Town Park,park,C,yellow,,,,,,
164,http://www.wikidata.org/entity/Q8053778,,https://en.wikipedia.org/wiki/Yio_Chu_Kang,Point(103.844166666 1.381111111),3.826,1.3811111111111,103.84416666667,3.0,http://www.wikidata.org/entity/Q618123,Yio Chu Kang,geographical feature,C,yellow,,,,,,
166,http://www.wikidata.org/entity/Q20052847,,https://en.wikipedia.org/wiki/Bukit_Brown_Cemetery,Point(103.8207959 1.3361057),2.34,1.3361057,103.8207959,3.0,http://www.wikidata.org/entity/Q39614,Bukit Brown Cemetery,cemetery,C,yellow,,,,,,
167,http://www.wikidata.org/entity/Q1513891,https://de.wikipedia.org/wiki/German_European_School_Singapore,https://en.wikipedia.org/wiki/German_European_School_Singapore,Point(103.79138889 1.34555556),3.378,1.34555556,103.79138889,3.0,http://www.wikidata.org/entity/Q572835,German European School Singapore,international school,C,yellow,,,,,,
168,http://www.wikidata.org/entity/Q16589899,https://de.wikipedia.org/wiki/Chopin-Denkmal_in_Singapur,,Point(103.815 1.31348),4.877,1.31348,103.815,3.0,http://www.wikidata.org/entity/Q4989906,Frederic Chopin statue in Singapore,monument,C,yellow,,,,,,
169,http://www.wikidata.org/entity/Q65117977,https://de.wikipedia.org/wiki/Thomson_Naturpark,https://en.wikipedia.org/wiki/Thomson_Nature_Park,Point(103.821074 1.386471),3.27,1.386471,103.821074,3.0,http://www.wikidata.org/entity/Q728904,Thomson Nature Park,nature park,C,yellow,,,,,,
170,http://www.wikidata.org/entity/Q30624691,,https://en.wikipedia.org/wiki/Singapore_Islamic_Hub,Point(103.852322 1.3428081),3.98,1.3428081,103.852322,3.0,http://www.wikidata.org/entity/Q41176,Singapore Islamic Hub,building,C,yellow,,,,,,
172,http://www.wikidata.org/entity/Q4754186,,https://en.wikipedia.org/wiki/Anderson_Secondary_School,Point(103.851 1.37483),4.018,1.37483,103.851,2.0,http://www.wikidata.org/entity/Q159334,Anderson Secondary School,secondary school,C,yellow,,,,,,
173,http://www.wikidata.org/entity/Q4761854,,https://en.wikipedia.org/wiki/Ang_Mo_Kio_Town_Garden_West,Point(103.8434332 1.3743688),3.281,1.3743688,103.8434332,2.0,http://www.wikidata.org/entity/Q22698,Ang Mo Kio Town Garden West,park,C,yellow,,,,,,
174,http://www.wikidata.org/entity/Q4763602,,https://en.wikipedia.org/wiki/Anglo-Chinese_School_(Barker_Road),Point(103.836 1.31969),4.547,1.31969,103.836,2.0,http://www.wikidata.org/entity/Q159334,Anglo-Chinese School (Barker Road),secondary school,C,yellow,,,,,,
177,http://www.wikidata.org/entity/Q4917333,,https://en.wikipedia.org/wiki/Bishan_Sports_Hall,Point(103.850957 1.355543),3.501,1.355543,103.850957,2.0,http://www.wikidata.org/entity/Q1076486,Bishan Sports Hall,sports venue,C,yellow,,,,,,
178,http://www.wikidata.org/entity/Q5053186,,https://en.wikipedia.org/wiki/Catholic_Junior_College,Point(103.845 1.35472),2.847,1.35472,103.845,2.0,http://www.wikidata.org/entity/Q6313528,Catholic Junior College,junior college,C,yellow,,,,,,
181,http://www.wikidata.org/entity/Q5091243,,https://en.wikipedia.org/wiki/Cheng_San,Point(103.8541381 1.3726728),4.221,1.3726728,103.8541381,2.0,http://www.wikidata.org/entity/Q50513,Cheng San,administrative territorial entity of Singapore,C,yellow,,,,,,
183,http://www.wikidata.org/entity/Q5104587,,https://en.wikipedia.org/wiki/Chong_Boon,Point(103.85581 1.363938),4.107,1.363938,103.85581,2.0,http://www.wikidata.org/entity/Q50513,Chong Boon,administrative territorial entity of Singapore,C,yellow,,,,,,
184,http://www.wikidata.org/entity/Q5118039,,https://en.wikipedia.org/wiki/Church_of_the_Risen_Christ,Point(103.8506379 1.3348795),4.253,1.3348795,103.8506379,2.0,http://www.wikidata.org/entity/Q317557,Church of the Risen Christ,parish church,C,yellow,,,,,,
185,http://www.wikidata.org/entity/Q5613706,,https://en.wikipedia.org/wiki/Guangyang_Secondary_School,Point(103.850566666 1.344694444),3.719,1.3446944444444,103.85056666667,2.0,http://www.wikidata.org/entity/Q159334,Guangyang Secondary School,secondary school,C,yellow,,,,,,
187,http://www.wikidata.org/entity/Q6429127,,https://en.wikipedia.org/wiki/Kong_Hwa_School,Point(103.845 1.35472),2.847,1.35472,103.845,2.0,http://www.wikidata.org/entity/Q9842,Kong Hwa School,primary school,C,yellow,,,,,,
189,http://www.wikidata.org/entity/Q6681539,,https://en.wikipedia.org/wiki/Lorong_Chuan,Point(103.8608 1.3496),4.666,1.3496,103.8608,2.0,http://www.wikidata.org/entity/Q50513,Lorong Chuan,administrative territorial entity of Singapore,C,yellow,,,,,,
190,http://www.wikidata.org/entity/Q6964465,,https://en.wikipedia.org/wiki/Nanyang_Girls%27_High_School,Point(103.8024 1.3305),3.516,1.3305,103.8024,2.0,http://www.wikidata.org/entity/Q9826,Nanyang Girls' High School,high school,C,yellow,,,,,,
191,http://www.wikidata.org/entity/Q6964473,,,Point(103.8078327 1.321121),4.206,1.321121,103.8078327,2.0,http://www.wikidata.org/entity/Q9842,Nanyang Primary School,primary school,C,yellow,,,,,,
193,http://www.wikidata.org/entity/Q7084749,,"https://en.wikipedia.org/wiki/Old_Police_Academy,_Singapore",Point(103.83761111 1.32975278),3.647,1.32975278,103.83761111,2.0,http://www.wikidata.org/entity/Q277845,"Old Police Academy, Singapore",police academy,C,yellow,,,,,,
195,http://www.wikidata.org/entity/Q7240775,,https://en.wikipedia.org/wiki/Presbyterian_High_School,Point(103.843 1.38303),3.89,1.38303,103.843,2.0,http://www.wikidata.org/entity/Q9826,Presbyterian High School,high school,C,yellow,,,,,,
196,http://www.wikidata.org/entity/Q7811334,,https://en.wikipedia.org/wiki/Toa_Payoh_Public_Library,Point(103.8505 1.3335),4.332,1.3335,103.8505,2.0,http://www.wikidata.org/entity/Q28564,Toa Payoh Public Library,public library,C,yellow,,,,,,
197,http://www.wikidata.org/entity/Q7811340,,https://en.wikipedia.org/wiki/Toa_Payoh_Swimming_Complex,Point(103.85 1.33049),4.5,1.33049,103.85,2.0,http://www.wikidata.org/entity/Q1076486,Toa Payoh Swimming Complex,sports venue,C,yellow,,,,,,
198,http://www.wikidata.org/entity/Q7898851,,https://en.wikipedia.org/wiki/Upper_Peirce_Reservoir_Park,Point(103.81111111 1.37291667),1.99,1.37291667,103.81111111,2.0,http://www.wikidata.org/entity/Q22698,Upper Peirce Reservoir Park,park,C,yellow,,,,,,
201,http://www.wikidata.org/entity/Q20651870,,https://en.wikipedia.org/wiki/Singapore_Korean_International_School,Point(103.7905473 1.345654),3.461,1.345654,103.7905473,2.0,http://www.wikidata.org/entity/Q572835,Singapore Korean International School,international school,C,yellow,,,,,,
202,http://www.wikidata.org/entity/Q24401075,,https://en.wikipedia.org/wiki/Seletar_Bus_Depot,Point(103.84064 1.39318),4.649,1.39318,103.84064,2.0,http://www.wikidata.org/entity/Q1191753,Seletar Bus Depot,bus depot,C,yellow,,,,,,
204,http://www.wikidata.org/entity/Q28403800,,https://en.wikipedia.org/wiki/Hindhede_Nature_Park,Point(103.7758 1.34874),4.946,1.34874,103.7758,2.0,http://www.wikidata.org/entity/Q22698,Hindhede Nature Park,park,C,yellow,,,,,,
206,http://www.wikidata.org/entity/Q47482412,,https://en.wikipedia.org/wiki/96.3_Hao_FM,Point(103.8463687 1.3431067),3.368,1.3431067,103.8463687,2.0,http://www.wikidata.org/entity/Q14350,96.3 Hao FM,radio station,C,yellow,,,,,,
207,http://www.wikidata.org/entity/Q65118363,,https://en.wikipedia.org/wiki/Eco-Link@BKE,Point(103.78356 1.356661),3.995,1.356661,103.78356,2.0,http://www.wikidata.org/entity/Q864912,Eco-Link@BKE,wildlife corridor,C,yellow,,,,,,
210,http://www.wikidata.org/entity/Q105359408,,https://en.wikipedia.org/wiki/Burmese_Buddhist_Temple_(Singapore),Point(103.846872222 1.328416666),4.409,1.3284166666667,103.84687222222,2.0,http://www.wikidata.org/entity/Q5393308,Burmese Buddhist Temple,Buddhist temple,C,yellow,,,,,,
211,http://www.wikidata.org/entity/Q123111983,,https://en.wikipedia.org/wiki/Rifle_Range_Nature_Park,Point(103.781717779 1.344625428),4.423,1.3446254282792,103.7817177791,2.0,http://www.wikidata.org/entity/Q618123,Rifle Range Nature Park,geographical feature,C,yellow,,,,,,
214,http://www.wikidata.org/entity/Q4696500,,https://en.wikipedia.org/wiki/Ai_Tong_School,Point(103.833 1.36056),1.549,1.36056,103.833,1.0,http://www.wikidata.org/entity/Q9842,Ai Tong School,primary school,D,blue,,,,,,
215,http://www.wikidata.org/entity/Q4761847,,https://en.wikipedia.org/wiki/Ang_Mo_Kio_Police_Division,Point(103.845047222 1.384919444),4.199,1.3849194444444,103.84504722222,1.0,http://www.wikidata.org/entity/Q3394138,Ang Mo Kio Police Division,police division,D,blue,,,,,,
216,http://www.wikidata.org/entity/Q4761848,,https://en.wikipedia.org/wiki/Ang_Mo_Kio_Secondary_School,Point(103.843 1.36781),2.871,1.36781,103.843,1.0,http://www.wikidata.org/entity/Q159334,Ang Mo Kio Secondary School,secondary school,D,blue,,,,,,
217,http://www.wikidata.org/entity/Q4829309,,https://en.wikipedia.org/wiki/Avondale_Grammar_School_Singapore,Point(103.85 1.335),4.188,1.335,103.85,1.0,http://www.wikidata.org/entity/Q423208,Avondale Grammar School Singapore,private school,D,blue,,,,,,
219,http://www.wikidata.org/entity/Q4877314,,https://en.wikipedia.org/wiki/Beatty_Secondary_School,Point(103.852 1.34207),3.981,1.34207,103.852,1.0,http://www.wikidata.org/entity/Q159334,Beatty Secondary School,secondary school,D,blue,,,,,,
223,http://www.wikidata.org/entity/Q5011153,,https://en.wikipedia.org/wiki/CHIJ_Saint_Nicholas_Girls%27_School,Point(103.8343 1.3737),2.472,1.3737,103.8343,1.0,http://www.wikidata.org/entity/Q159334,CHIJ Saint Nicholas Girls' School,secondary school,D,blue,,,,,,
225,http://www.wikidata.org/entity/Q5011156,,https://en.wikipedia.org/wiki/CHIJ_Secondary_(Toa_Payoh),Point(103.8428 1.3323),3.784,1.3323,103.8428,1.0,http://www.wikidata.org/entity/Q159334,CHIJ Secondary,secondary school,D,blue,,,,,,
226,http://www.wikidata.org/entity/Q5018991,,https://en.wikipedia.org/wiki/Caldecott_Hill,Point(103.835 1.336669444),2.852,1.3366694444444,103.835,1.0,http://www.wikidata.org/entity/Q82794,Caldecott Hill,geographic region,D,blue,,,,,,
227,http://www.wikidata.org/entity/Q5104588,,https://en.wikipedia.org/wiki/Chong_Boon_Secondary_School,Point(103.8418 1.3781),3.405,1.3781,103.8418,1.0,http://www.wikidata.org/entity/Q159334,Chong Boon Secondary School,secondary school,D,blue,,,,,,
228,http://www.wikidata.org/entity/Q5131474,,https://en.wikipedia.org/wiki/Clementi_Police_Division,Point(103.832 1.31737),4.632,1.31737,103.832,1.0,http://www.wikidata.org/entity/Q3394138,Clementi Police Division,police division,D,blue,,,,,,
229,http://www.wikidata.org/entity/Q5268533,,https://en.wikipedia.org/wiki/Deyi_Secondary_School,Point(103.8518273 1.3659452),3.725,1.3659452,103.8518273,1.0,http://www.wikidata.org/entity/Q159334,Deyi Secondary School,secondary school,D,blue,,,,,,
230,http://www.wikidata.org/entity/Q5324008,,https://en.wikipedia.org/wiki/ERA_APAC_Centre,Point(103.849388888 1.331666666),4.364,1.3316666666667,103.84938888889,1.0,http://www.wikidata.org/entity/Q41176,ERA APAC Centre,building,D,blue,,,,,,
231,http://www.wikidata.org/entity/Q5635489,,https://en.wikipedia.org/wiki/One_FM_91.3,Point(103.8463 1.3431),3.362,1.3431,103.8463,1.0,http://www.wikidata.org/entity/Q14350,ONE FM 91.3,radio station,D,blue,,,,,,
232,http://www.wikidata.org/entity/Q5951806,,https://en.wikipedia.org/wiki/Hwa_Chong_Institution_Boarding_School,Point(103.8 1.325),4.176,1.325,103.8,1.0,http://www.wikidata.org/entity/Q269770,Hwa Chong Institution Boarding School,boarding school,D,blue,,,,,,
233,http://www.wikidata.org/entity/Q5951816,,https://en.wikipedia.org/wiki/Hwa_Chong_International_School,Point(103.8012 1.3261),4.003,1.3261,103.8012,1.0,http://www.wikidata.org/entity/Q572835,Hwa Chong International School,international school,D,blue,,,,,,
234,http://www.wikidata.org/entity/Q6445213,,https://en.wikipedia.org/wiki/Kuo_Chuan_Presbyterian_Secondary_School,Point(103.8549 1.3501),4.011,1.3501,103.8549,1.0,http://www.wikidata.org/entity/Q159334,Kuo Chuan Presbyterian Secondary School,secondary school,D,blue,,,,,,
235,http://www.wikidata.org/entity/Q6597027,,https://en.wikipedia.org/wiki/List_of_Singapore_police_officers_killed_in_the_line_of_duty,Point(103.84534444 1.32432222),4.641,1.32432222,103.84534444,1.0,http://www.wikidata.org/entity/Q13406463,list of Singapore police officers killed in the line of duty,Wikimedia list article,D,blue,,,,,,
237,http://www.wikidata.org/entity/Q6970986,,https://en.wikipedia.org/wiki/National_Biodiversity_Centre_(Singapore),Point(103.817 1.3167),4.501,1.3167,103.817,1.0,http://www.wikidata.org/entity/Q327333,National Biodiversity Centre,government agency,D,blue,,,,,,
239,http://www.wikidata.org/entity/Q7209469,,https://en.wikipedia.org/wiki/Police_Intelligence_Department,Point(103.845 1.32432),4.618,1.32432,103.845,1.0,http://www.wikidata.org/entity/Q327333,Police Intelligence Department,government agency,D,blue,,,,,,
240,http://www.wikidata.org/entity/Q7333517,,https://en.wikipedia.org/wiki/Symphony_Lake_(Singapore),Point(103.815 1.31417),4.8,1.31417,103.815,1.0,http://www.wikidata.org/entity/Q23397,Symphony Lake,lake,D,blue,,,,,,
241,http://www.wikidata.org/entity/Q7390544,,https://en.wikipedia.org/wiki/SJI_International_School,Point(103.841 1.3325),3.633,1.3325,103.841,1.0,http://www.wikidata.org/entity/Q572835,St. Joseph's Institution International School,international school,D,blue,,,,,,
244,http://www.wikidata.org/entity/Q7523082,,https://en.wikipedia.org/wiki/Singapore_Polo_Club,Point(103.83726 1.3324),3.383,1.3324,103.83726,1.0,http://www.wikidata.org/entity/Q17350442,Singapore Polo Club,venue,D,blue,,,,,,
245,http://www.wikidata.org/entity/Q7589874,,https://en.wikipedia.org/wiki/St._Margaret%27s_Secondary_School,Point(103.8095 1.3201),4.262,1.3201,103.8095,1.0,http://www.wikidata.org/entity/Q159334,St. Margaret's Secondary School,secondary school,D,blue,,,,,,
247,http://www.wikidata.org/entity/Q7811336,,https://en.wikipedia.org/wiki/Toa_Payoh_Hospital,Point(103.840556 1.338889),3.095,1.338889,103.840556,1.0,http://www.wikidata.org/entity/Q64578911,Toa Payoh Hospital,former hospital,D,blue,,,,,,
249,http://www.wikidata.org/entity/Q7811337,,https://en.wikipedia.org/wiki/Toa_Payoh_Police_Station,Point(103.85 1.339722222),3.903,1.3397222222222,103.85,1.0,http://www.wikidata.org/entity/Q861951,Toa Payoh Police Station,police station,D,blue,,,,,,
251,http://www.wikidata.org/entity/Q7996573,,https://en.wikipedia.org/wiki/Whitley_Secondary_School,Point(103.843 1.3555),2.618,1.3555,103.843,1.0,http://www.wikidata.org/entity/Q159334,Whitley Secondary School,secondary school,D,blue,,,,,,
252,http://www.wikidata.org/entity/Q8053780,,https://en.wikipedia.org/wiki/Yio_Chu_Kang_Secondary_School,Point(103.8418 1.3781),3.405,1.3781,103.8418,1.0,http://www.wikidata.org/entity/Q159334,Yio Chu Kang Secondary School,secondary school,D,blue,,,,,,
253,http://www.wikidata.org/entity/Q17051710,,https://en.wikipedia.org/wiki/Mayflower_Secondary_School,Point(103.8352 1.3686),2.163,1.3686,103.8352,1.0,http://www.wikidata.org/entity/Q159334,Mayflower Secondary School,secondary school,D,blue,,,,,,
257,http://www.wikidata.org/entity/Q24036151,,,Point(103.8438 1.3303),4.023,1.3303,103.8438,1.0,http://www.wikidata.org/entity/Q41176,Q24036151,building,D,blue,,,,,,
258,http://www.wikidata.org/entity/Q24937952,,https://en.wikipedia.org/wiki/Singapore_Bible_College,Point(103.8131 1.3255),3.586,1.3255,103.8131,1.0,http://www.wikidata.org/entity/Q576603,Singapore Bible College,Bible college,D,blue,,,,,,
259,http://www.wikidata.org/entity/Q24950669,,https://en.wikipedia.org/wiki/Swiss_School_in_Singapore,Point(103.7908528 1.3431304),3.543,1.3431304,103.7908528,1.0,http://www.wikidata.org/entity/Q572835,Swiss School in Singapore,international school,D,blue,,,,,,
260,http://www.wikidata.org/entity/Q28404017,,https://en.wikipedia.org/wiki/Lower_Peirce_Reservoir_Park,Point(103.8244 1.3712),1.659,1.3712,103.8244,1.0,http://www.wikidata.org/entity/Q22698,Lower Peirce Reservoir Park,park,D,blue,,,,,,
261,http://www.wikidata.org/entity/Q30273085,,https://en.wikipedia.org/wiki/Singapore_Heart_Foundation,Point(103.848622 1.350324),3.324,1.350324,103.848622,1.0,http://www.wikidata.org/entity/Q163740,Singapore Heart Foundation,nonprofit organization,D,blue,,,,,,
262,http://www.wikidata.org/entity/Q30645081,,https://en.wikipedia.org/wiki/Peirce_Secondary_School,Point(103.82975 1.36625),1.527,1.36625,103.82975,1.0,http://www.wikidata.org/entity/Q159334,Peirce Secondary School,secondary school,D,blue,,,,,,
263,http://www.wikidata.org/entity/Q31266128,,,Point(103.809444444 1.361388888),1.215,1.3613888888889,103.80944444444,1.0,http://www.wikidata.org/entity/Q54050,Bukit Kalang,hill,D,blue,,,,,,
264,http://www.wikidata.org/entity/Q31883376,,,Point(103.848888888 1.360277777),3.286,1.3602777777778,103.84888888889,1.0,http://www.wikidata.org/entity/Q22698,Ang Mo Kio Park,park,D,blue,,,,,,
265,http://www.wikidata.org/entity/Q48727256,,https://en.wikipedia.org/wiki/East_Asian_Institute_(Singapore),Point(103.815 1.3195),4.211,1.3195,103.815,1.0,http://www.wikidata.org/entity/Q31855,East Asian Institute,research institute,D,blue,,,,,,
266,http://www.wikidata.org/entity/Q48730832,,https://en.wikipedia.org/wiki/600_@_Toa_Payoh,Point(103.85097222 1.334),4.341,1.334,103.85097222,1.0,http://www.wikidata.org/entity/Q41176,600 @ Toa Payoh,building,D,blue,,,,,,
267,http://www.wikidata.org/entity/Q49559451,,,Point(103.806944444 1.399722222),4.94,1.3997222222222,103.80694444444,1.0,http://www.wikidata.org/entity/Q22698,Seletar Reservoir Park,park,D,blue,,,,,,
268,http://www.wikidata.org/entity/Q54321853,,https://en.wikipedia.org/wiki/Sungei_Simpang_Kiri,Point(103.8331 1.3975643),4.746,1.3975643,103.8331,1.0,http://www.wikidata.org/entity/Q4022,Sungei Simpang Kiri,river,D,blue,,,,,,
269,http://www.wikidata.org/entity/Q55625555,,https://en.wikipedia.org/wiki/Novena_Global_Lifecare,Point(103.84202778 1.32052778),4.776,1.32052778,103.84202778,1.0,http://www.wikidata.org/entity/Q43229,Novena Global Lifecare,organization,D,blue,,,,,,
270,http://www.wikidata.org/entity/Q56705096,,,Point(103.8637 1.3582),4.915,1.3582,103.8637,1.0,http://www.wikidata.org/entity/Q16970,Church of St Francis Xavier,church building,D,blue,,,,,,
272,http://www.wikidata.org/entity/Q98597001,,https://en.wikipedia.org/wiki/Windsor_Nature_Park,Point(103.8225 1.3575),0.336,1.3575,103.8225,1.0,http://www.wikidata.org/entity/Q179049,Windsor Nature Park,nature reserve,D,blue,,,,,,
273,http://www.wikidata.org/entity/Q110008174,,,Point(103.81825 1.31388),4.808,1.31388,103.81825,1.0,http://www.wikidata.org/entity/Q3917681,embassy of Russia in Singapore,embassy,D,blue,,,,,,
274,http://www.wikidata.org/entity/Q111023751,,https://en.wikipedia.org/wiki/Former_Command_House,Point(103.819166666 1.325549611),3.509,1.3255496111111,103.81916666667,1.0,http://www.wikidata.org/entity/Q35112127,Former Command House,historic building,D,blue,,,,,,
275,http://www.wikidata.org/entity/Q111972966,,https://en.wikipedia.org/wiki/Tai_Pei_Yuen,Point(103.8489 1.3271),4.67,1.3271,103.8489,1.0,http://www.wikidata.org/entity/Q5393308,Tai Pei Yuen Temple,Buddhist temple,D,blue,,,,,,
276,http://www.wikidata.org/entity/Q111976679,,,Point(103.82302 1.31441),4.764,1.31441,103.82302,1.0,http://www.wikidata.org/entity/Q3917681,"Embassy of Israel, Singapore",embassy,D,blue,,,,,,
277,http://www.wikidata.org/entity/Q112078218,,https://en.wikipedia.org/wiki/Sky_Habitat,Point(103.8493 1.3524),3.354,1.3524,103.8493,1.0,http://www.wikidata.org/entity/Q41176,Sky Habitat,building,D,blue,,,,,,
278,http://www.wikidata.org/entity/Q112478186,,https://en.wikipedia.org/wiki/Leng_Ern_Jee,Point(103.8477 1.32725),4.566,1.32725,103.8477,1.0,http://www.wikidata.org/entity/Q5393308,Leng Ern Jee Temple,Buddhist temple,D,blue,,,,,,
279,http://www.wikidata.org/entity/Q121815791,,,Point(103.810797 1.321522),4.073,1.321522,103.810797,1.0,http://www.wikidata.org/entity/Q56242275,Lutheran Church of Our Redeemer Singapore,lutheran church,D,blue,,,,,,
280,http://www.wikidata.org/entity/Q122069023,,,Point(103.81504 1.31376),4.845,1.31376,103.81504,1.0,http://www.wikidata.org/entity/Q194428,Q122069023,stage,D,blue,,,,,,
281,http://www.wikidata.org/entity/Q122069354,,,Point(103.8147 1.3143),4.789,1.3143,103.8147,1.0,http://www.wikidata.org/entity/Q23397,Symphony Lake,lake,D,blue,,,,,,
283,http://www.wikidata.org/entity/Q126082887,,,Point(103.846274823 1.326084448),4.556,1.326084448856,103.84627482313,1.0,http://www.wikidata.org/entity/Q2680845,Kwan Im Tng Temple,Chinese temple,D,blue,,,,,,
15,,,,,,1.336106,103.822942,,,"
Bukit Brown Cemetery
",,atlas_obscura,gold,https://www.atlasobscura.com/places/bukit-brown-cemetery,"
One of the largest Chinese cemeteries outside of China spent years overgrown and forgotten.
",,,,
23,,,,,,1.361516,103.835812,,,"
Kong Meng San Phor Kark See Monastery
",,atlas_obscura,gold,https://www.atlasobscura.com/places/kong-meng-san-phor-kark-see-monastery,"
The largest monastery in Singapore is home to a crematorium, a college, and one of Asiaâ€™s largest indoor Buddha statues.
",,,,
28,,,,,,1.345723,103.84337,,,"
Kwong Wai Siew Peck San Theng
",,atlas_obscura,gold,https://www.atlasobscura.com/places/kwong-wai-siew-peck-san-theng,"
The confluence of modernist and traditional architecture in this religious complex reflects the history of both the living and the dead being uprooted, displaced, and rehoused.
",,,,
32,,,,,,1.374026,103.840563,,,"
Kebun Baru Birdsinging Club
",,atlas_obscura,gold,https://www.atlasobscura.com/places/kebun-baru-birdsinging-club,"
Singapore's Ang Mo Kio Town Garden West is a social hotspot for songbirds and their humans.
",,,,
62,,,,,,1.380359,103.817653,,,"
Devil's Bend (Old Upper Thomson Road)
",,atlas_obscura,gold,https://www.atlasobscura.com/places/devils-bend-old-upper-thomson-road-singapore,"
This sharp turn was once the most dangerous part of the Singapore Grand Prix circuit.
",,,,
0,,,,,,1.1030815,104.0383696,,,Batam,Go next,wikivoyage,red,,,,,"Batam &mdash; The nearest Indonesian island to Singapore, just a short ferry trip away. Mainly industrial and infamous for its vice trade, but has some resorts.","(1.1030815, 104.0383696)"
1,,,,,,1.01965765,104.56981887122059,,,Bintan,Go next,wikivoyage,red,,,,,"Bintan &mdash; Indonesian island just 55&nbsp;min away by ferry, offering both high-end resorts and the ""real Indonesia"" experience.","(1.01965765, 104.56981887122059)"
2,,,,,,1.4581986,103.7649059,,,Johor Bahru,Go next,wikivoyage,red,,,,,"Johor Bahru &mdash; Malaysian city just across the Causeway. Just 20&nbsp;min by bus 950 from Woodlands Bus Interchange. Not much to look at, but popular for cheap eating, shopping and Legoland Malaysia.","(1.4581986, 103.7649059)"
3,,,,,,3.1516964,101.6942371,,,Kuala Lumpur,Go next,wikivoyage,red,,,,,"Kuala Lumpur &mdash; Malaysia's vibrant capital. 45&nbsp;min by plane, 4&ndash;5&nbsp;hr by bus or 10&nbsp;hr by train.","(3.1516964, 101.6942371)"
4,,,,,,2.3293744,102.2880962,,,Malacca,Go next,wikivoyage,red,,,,,"Malacca &mdash; Once one of the three Straits Settlements, now a sleepy colonial town. 3&ndash;4&nbsp;hr by bus, although it might take a little longer due to border security.","(2.3293744, 102.2880962)"
5,,,,,,2.8065444,104.17215641866112,,,Pulau Tioman,Go next,wikivoyage,red,,,,,"Pulau Tioman &mdash; The nearest of Malaysia's East Coast (Malaysia)|East Coast paradise islands, reachable by bus & ferry.","(2.8065444, 104.17215641866112)"
